-- phpMyAdmin SQL Dump
-- version 5.1.1
-- https://www.phpmyadmin.net/
--
-- Host: 127.0.0.1
-- Waktu pembuatan: 28 Jun 2022 pada 12.39
-- Versi server: 10.4.20-MariaDB
-- Versi PHP: 8.0.8

SET SQL_MODE = "NO_AUTO_VALUE_ON_ZERO";
START TRANSACTION;
SET time_zone = "+00:00";


/*!40101 SET @OLD_CHARACTER_SET_CLIENT=@@CHARACTER_SET_CLIENT */;
/*!40101 SET @OLD_CHARACTER_SET_RESULTS=@@CHARACTER_SET_RESULTS */;
/*!40101 SET @OLD_COLLATION_CONNECTION=@@COLLATION_CONNECTION */;
/*!40101 SET NAMES utf8mb4 */;

--
-- Database: `db_olshop`
--

-- --------------------------------------------------------

--
-- Struktur dari tabel `tbl_barang`
--

CREATE TABLE `tbl_barang` (
  `id_barang` int(11) NOT NULL,
  `nama_barang` varchar(255) DEFAULT NULL,
  `id_kategori` int(11) DEFAULT NULL,
  `harga` int(11) DEFAULT NULL,
  `deskripsi` mediumtext DEFAULT NULL,
  `gambar` text DEFAULT NULL
) ENGINE=InnoDB DEFAULT CHARSET=utf8mb4;

--
-- Dumping data untuk tabel `tbl_barang`
--

INSERT INTO `tbl_barang` (`id_barang`, `nama_barang`, `id_kategori`, `harga`, `deskripsi`, `gambar`) VALUES
(1, 'Hand Phone', 8, 3400000, 'Deskripsi', 'hp.jpg'),
(8, 'Redmi Note 8', 8, 1000000, 'Hand Phone', 'redmi-note-81.png'),
(10, 'Kemeja', 2, 500000, 'Kemeja laki-laki', 'kemeja.jpg'),
(11, 'Kemeja Planel', 2, 700000, 'Kemeja Planel', 'kemeja2.jpg'),
(12, 'Sepatu Laki-laki', 6, 400000, 'Sepatu Keren', 'sepatu.jpg');

-- --------------------------------------------------------

--
-- Struktur dari tabel `tbl_gambar`
--

CREATE TABLE `tbl_gambar` (
  `id_gambar` int(11) NOT NULL,
  `id_barang` int(11) NOT NULL,
  `ket` varchar(225) DEFAULT NULL,
  `gambar` text DEFAULT NULL
) ENGINE=InnoDB DEFAULT CHARSET=utf8mb4;

--
-- Dumping data untuk tabel `tbl_gambar`
--

INSERT INTO `tbl_gambar` (`id_gambar`, `id_barang`, `ket`, `gambar`) VALUES
(1, 1, 'gambar 1', 'gambar (1).jpg'),
(2, 1, 'gambar 2', 'gambar (2).jpg'),
(3, 1, 'gambar 3', 'gambar (3).jpg'),
(4, 1, 'gambar 4', 'gambar (4).jpg'),
(5, 1, 'gambar 5', 'gambar (5).jpg'),
(6, 8, 'gambar 1', 'gambar (1).jpg');

-- --------------------------------------------------------

--
-- Struktur dari tabel `tbl_kategori`
--

CREATE TABLE `tbl_kategori` (
  `id_kategori` int(11) NOT NULL,
  `nama_kategori` varchar(50) NOT NULL
) ENGINE=InnoDB DEFAULT CHARSET=utf8mb4;

--
-- Dumping data untuk tabel `tbl_kategori`
--

INSERT INTO `tbl_kategori` (`id_kategori`, `nama_kategori`) VALUES
(1, 'Pakaian Wanita'),
(2, 'Pakaian Laki-laki'),
(3, 'Perhiasan'),
(4, 'Aksesoris'),
(5, 'Sepatu Wanita'),
(6, 'Sepatu Laki-laki'),
(8, 'Smart Phone'),
(10, 'Logam Mulia');

-- --------------------------------------------------------

--
-- Struktur dari tabel `tbl_user`
--

CREATE TABLE `tbl_user` (
  `id_user` int(11) NOT NULL,
  `nama_user` varchar(25) NOT NULL,
  `username` varchar(25) NOT NULL,
  `password` varchar(25) NOT NULL,
  `level_user` int(1) NOT NULL
) ENGINE=InnoDB DEFAULT CHARSET=utf8mb4;

--
-- Dumping data untuk tabel `tbl_user`
--

INSERT INTO `tbl_user` (`id_user`, `nama_user`, `username`, `password`, `level_user`) VALUES
(1, 'Nurul Hidayah', 'admin', 'admin', 1),
(2, 'Budi', 'user', 'user', 2),
(4, 'Badru', 'badru', '12345', 2);

--
-- Indexes for dumped tables
--

--
-- Indeks untuk tabel `tbl_barang`
--
ALTER TABLE `tbl_barang`
  ADD PRIMARY KEY (`id_barang`);

--
-- Indeks untuk tabel `tbl_gambar`
--
ALTER TABLE `tbl_gambar`
  ADD PRIMARY KEY (`id_gambar`);

--
-- Indeks untuk tabel `tbl_kategori`
--
ALTER TABLE `tbl_kategori`
  ADD PRIMARY KEY (`id_kategori`);

--
-- Indeks untuk tabel `tbl_user`
--
ALTER TABLE `tbl_user`
  ADD PRIMARY KEY (`id_user`);

--
-- AUTO_INCREMENT untuk tabel yang dibuang
--

--
-- AUTO_INCREMENT untuk tabel `tbl_barang`
--
ALTER TABLE `tbl_barang`
  MODIFY `id_barang` int(11) NOT NULL AUTO_INCREMENT, AUTO_INCREMENT=14;

--
-- AUTO_INCREMENT untuk tabel `tbl_gambar`
--
ALTER TABLE `tbl_gambar`
  MODIFY `id_gambar` int(11) NOT NULL AUTO_INCREMENT, AUTO_INCREMENT=7;

--
-- AUTO_INCREMENT untuk tabel `tbl_kategori`
--
ALTER TABLE `tbl_kategori`
  MODIFY `id_kategori` int(11) NOT NULL AUTO_INCREMENT, AUTO_INCREMENT=11;

--
-- AUTO_INCREMENT untuk tabel `tbl_user`
--
ALTER TABLE `tbl_user`
  MODIFY `id_user` int(11) NOT NULL AUTO_INCREMENT, AUTO_INCREMENT=5;
COMMIT;

/*!40101 SET CHARACTER_SET_CLIENT=@OLD_CHARACTER_SET_CLIENT */;
/*!40101 SET CHARACTER_SET_RESULTS=@OLD_CHARACTER_SET_RESULTS */;
/*!40101 SET COLLATION_CONNECTION=@OLD_COLLATION_CONNECTION */;
